Incident_ID,Start_Date,End_Date,Duration_Days,Metrics,Metric_Directions,N_Flagged_Cells,Peak_Abs_Z,Category,Impact,Pattern,Evidence,Severity_Score,Severity_Label,Severity_Breakdown
1,2025-11-24,2025-11-24,1,Revenue,{'Revenue': 'drop'},1,4.695717869045966,unclassified,neutral,Unusual movement that does not match a known cross-metric pattern.,Revenue drop,31.1,Low,magnitude 18.8 + breadth 5.0 + duration 3.0 + revenue 25.0 x0.6 (weak single-metric flag)
2,2025-12-03,2025-12-04,2,"Average_Order_Value, Website_Traffic","{'Average_Order_Value': 'spike', 'Website_Traffic': 'spike'}",2,25.144327081092005,traffic_quality,negative,"Traffic rose without a matching rise in orders or revenue, consistent with low-quality or non-converting traffic rather than real demand.","Average_Order_Value spike, Website_Traffic spike",56.0,High,magnitude 40.0 + breadth 10.0 + duration 6.0 + revenue 0.0
3,2025-12-19,2025-12-19,1,Revenue_per_Ad_Dollar,{'Revenue_per_Ad_Dollar': 'spike'},1,4.066034256880374,unclassified,neutral,Unusual movement that does not match a known cross-metric pattern.,Revenue_per_Ad_Dollar spike,11.6,Low,magnitude 16.3 + breadth 0.0 + duration 3.0 + revenue 0.0 x0.6 (weak single-metric flag)
4,2026-01-06,2026-01-09,4,"Conversion_Rate, Orders, Refund_Rate, Revenue, Revenue_per_Ad_Dollar","{'Conversion_Rate': 'drop', 'Orders': 'drop', 'Refund_Rate': 'spike', 'Revenue': 'drop', 'Revenue_per_Ad_Dollar': 'drop'}",17,8.210648308683782,conversion_drop,negative,"Conversion and sales fell while traffic did not, consistent with a checkout or purchasing-behaviour problem rather than a traffic problem.","Conversion_Rate drop, Orders drop, Refund_Rate spike, Revenue drop, Revenue_per_Ad_Dollar drop",84.8,Critical,magnitude 32.8 + breadth 15.0 + duration 12.0 + revenue 25.0
5,2026-02-09,2026-02-09,1,"Refund_Rate, Refunds","{'Refund_Rate': 'spike', 'Refunds': 'spike'}",2,10.800130735501554,refund_issue,negative,"Refunds rose abnormally, consistent with a product-quality or fulfilment problem.","Refund_Rate spike, Refunds spike",48.0,Medium,magnitude 40.0 + breadth 5.0 + duration 3.0 + revenue 0.0
6,2026-02-11,2026-02-11,1,Website_Traffic,{'Website_Traffic': 'drop'},1,4.242022511920724,unclassified,neutral,Unusual movement that does not match a known cross-metric pattern.,Website_Traffic drop,15.0,Low,magnitude 17.0 + breadth 5.0 + duration 3.0 + revenue 0.0 x0.6 (weak single-metric flag)
7,2026-02-17,2026-02-17,1,Website_Traffic,{'Website_Traffic': 'spike'},1,8.587896376280426,traffic_quality,negative,"Traffic rose without a matching rise in orders or revenue, consistent with low-quality or non-converting traffic rather than real demand.",Website_Traffic spike,42.4,Medium,magnitude 34.4 + breadth 5.0 + duration 3.0 + revenue 0.0
8,2026-02-21,2026-02-21,1,Refunds,{'Refunds': 'drop'},1,4.2230824066271975,unclassified,neutral,Unusual movement that does not match a known cross-metric pattern.,Refunds drop,14.9,Low,magnitude 16.9 + breadth 5.0 + duration 3.0 + revenue 0.0 x0.6 (weak single-metric flag)
9,2026-03-14,2026-03-18,5,"Ad_Spend, Orders, Revenue_per_Ad_Dollar, Website_Traffic","{'Ad_Spend': 'spike', 'Orders': 'spike', 'Revenue_per_Ad_Dollar': 'drop', 'Website_Traffic': 'spike'}",11,29.21050710392392,marketing_efficiency,negative,"Ad spend jumped without a proportional revenue gain, consistent with declining marketing efficiency.","Ad_Spend spike, Orders spike, Revenue_per_Ad_Dollar drop, Website_Traffic spike",70.0,High,magnitude 40.0 + breadth 15.0 + duration 15.0 + revenue 0.0
10,2026-04-16,2026-04-18,3,"Orders, Revenue, Revenue_per_Ad_Dollar, Website_Traffic","{'Orders': 'drop', 'Revenue': 'drop', 'Revenue_per_Ad_Dollar': 'drop', 'Website_Traffic': 'drop'}",10,13.78425446999393,traffic_drop,negative,"Traffic fell and sales fell with it, consistent with a problem upstream of the purchase funnel such as an outage or lost acquisition.","Orders drop, Revenue drop, Revenue_per_Ad_Dollar drop, Website_Traffic drop",89.0,Critical,magnitude 40.0 + breadth 15.0 + duration 9.0 + revenue 25.0
11,2026-04-20,2026-04-20,1,Revenue,{'Revenue': 'drop'},1,4.279721224629975,unclassified,neutral,Unusual movement that does not match a known cross-metric pattern.,Revenue drop,30.1,Low,magnitude 17.1 + breadth 5.0 + duration 3.0 + revenue 25.0 x0.6 (weak single-metric flag)
12,2026-05-07,2026-05-07,1,Ad_Spend,{'Ad_Spend': 'spike'},1,4.80820212187702,marketing_efficiency,negative,"Ad spend jumped without a proportional revenue gain, consistent with declining marketing efficiency.",Ad_Spend spike,16.3,Low,magnitude 19.2 + breadth 5.0 + duration 3.0 + revenue 0.0 x0.6 (weak single-metric flag)
13,2026-05-20,2026-05-20,1,"Average_Order_Value, Refund_Rate, Revenue, Revenue_per_Ad_Dollar","{'Average_Order_Value': 'spike', 'Refund_Rate': 'drop', 'Revenue': 'spike', 'Revenue_per_Ad_Dollar': 'spike'}",4,16.266577868573112,aov_spike,positive,"Average order value jumped without more orders, consistent with a few unusually large purchases.","Average_Order_Value spike, Refund_Rate drop, Revenue spike, Revenue_per_Ad_Dollar spike",37.8,Medium,magnitude 40.0 + breadth 10.0 + duration 3.0 + revenue 10.0 x0.6 (positive impact)
14,2026-06-22,2026-06-23,2,"Conversion_Rate, Orders, Refund_Rate, Revenue, Revenue_per_Ad_Dollar, Website_Traffic","{'Conversion_Rate': 'spike', 'Orders': 'spike', 'Refund_Rate': 'drop', 'Revenue': 'spike', 'Revenue_per_Ad_Dollar': 'spike', 'Website_Traffic': 'spike'}",7,12.564475994823987,demand_spike,positive,"Traffic, orders and revenue rose together, consistent with a genuine demand increase such as a promotion or viral moment.","Conversion_Rate spike, Orders spike, Refund_Rate drop, Revenue spike, Revenue_per_Ad_Dollar spike, Website_Traffic spike",45.6,Medium,magnitude 40.0 + breadth 20.0 + duration 6.0 + revenue 10.0 x0.6 (positive impact)
15,2026-07-05,2026-07-05,1,Average_Order_Value,{'Average_Order_Value': 'drop'},1,5.317574037996245,unclassified,neutral,Unusual movement that does not match a known cross-metric pattern.,Average_Order_Value drop,17.6,Low,magnitude 21.3 + breadth 5.0 + duration 3.0 + revenue 0.0 x0.6 (weak single-metric flag)
16,2026-07-23,2026-07-23,1,Revenue,{'Revenue': 'drop'},1,4.111034656676858,unclassified,neutral,Unusual movement that does not match a known cross-metric pattern.,Revenue drop,29.7,Low,magnitude 16.4 + breadth 5.0 + duration 3.0 + revenue 25.0 x0.6 (weak single-metric flag)
17,2026-07-25,2026-07-25,1,"Refund_Rate, Refunds","{'Refund_Rate': 'spike', 'Refunds': 'spike'}",2,12.927747806732373,refund_issue,negative,"Refunds rose abnormally, consistent with a product-quality or fulfilment problem.","Refund_Rate spike, Refunds spike",48.0,Medium,magnitude 40.0 + breadth 5.0 + duration 3.0 + revenue 0.0
18,2026-07-27,2026-07-28,2,"Refund_Rate, Refunds","{'Refund_Rate': 'spike', 'Refunds': 'spike'}",3,16.432403122029662,refund_issue,negative,"Refunds rose abnormally, consistent with a product-quality or fulfilment problem.","Refund_Rate spike, Refunds spike",51.0,Medium,magnitude 40.0 + breadth 5.0 + duration 6.0 + revenue 0.0
19,2026-07-31,2026-07-31,1,Website_Traffic,{'Website_Traffic': 'spike'},1,4.114373228108745,traffic_quality,negative,"Traffic rose without a matching rise in orders or revenue, consistent with low-quality or non-converting traffic rather than real demand.",Website_Traffic spike,14.7,Low,magnitude 16.5 + breadth 5.0 + duration 3.0 + revenue 0.0 x0.6 (weak single-metric flag)
20,2026-08-05,2026-08-05,1,Ad_Spend,{'Ad_Spend': 'spike'},1,4.832571658533248,marketing_efficiency,negative,"Ad spend jumped without a proportional revenue gain, consistent with declining marketing efficiency.",Ad_Spend spike,16.4,Low,magnitude 19.3 + breadth 5.0 + duration 3.0 + revenue 0.0 x0.6 (weak single-metric flag)
21,2026-08-28,2026-08-29,2,"Conversion_Rate, Orders, Revenue, Revenue_per_Ad_Dollar","{'Conversion_Rate': 'drop', 'Orders': 'drop', 'Revenue': 'drop', 'Revenue_per_Ad_Dollar': 'drop'}",8,8.694425188021622,conversion_drop,negative,"Conversion and sales fell while traffic did not, consistent with a checkout or purchasing-behaviour problem rather than a traffic problem.","Conversion_Rate drop, Orders drop, Revenue drop, Revenue_per_Ad_Dollar drop",80.8,Critical,magnitude 34.8 + breadth 15.0 + duration 6.0 + revenue 25.0
