Date,Revenue,Orders,Website_Traffic,Conversion_Rate,Ad_Spend,Refunds,Average_Order_Value
2025-09-22,19081.38,264,8122,0.0324,3477.42,737.12,71.68
2025-09-23,15310.12,212,7587,0.0279,3327.56,464.58,72.75
2025-09-24,16009.88,232,8306,0.0278,3718.93,480.36,69.5
2025-09-25,17760.97,249,8385,0.0298,3259.61,624.9,70.95
2025-09-26,16342.65,226,7232,0.0311,2985.76,586.13,71.77
2025-09-27,16579.96,232,8696,0.0266,3693.19,426.41,71.44
2025-09-28,18932.87,274,9272,0.0293,3756.62,645.58,69.9
2025-09-29,17125.8,248,7895,0.0311,3039.61,600.61,69.87
2025-09-30,16801.98,244,8017,0.0311,3388.97,569.99,69.64
2025-10-01,14491.81,228,7686,0.0305,3305.76,448.28,64.8
2025-10-02,20266.14,288,8382,0.0341,3451.21,654.64,70.2
2025-10-03,15888.41,245,8344,0.029,3464.36,542.04,64.04
2025-10-04,13561.04,206,9268,0.0226,3691.99,480.79,65.74
2025-10-05,20079.88,283,9696,0.0298,4189.17,763.52,72.04
2025-10-06,16555.23,235,8229,0.0285,3200.01,668.9,70.66
2025-10-07,16739.69,231,7701,0.0296,3077.98,561.25,72.61
2025-10-08,18349.74,268,8196,0.032,3370.62,600.39,67.34
2025-10-09,12879.48,202,7667,0.0262,3359.4,478.97,64.71
2025-10-10,15117.03,225,8405,0.0269,3142.41,575.27,67.46
2025-10-11,14889.63,214,9246,0.0234,3473.89,488.81,68.5
2025-10-12,15809.27,230,9195,0.025,3310.72,615.8,68.44
2025-10-13,16912.86,235,7791,0.0303,3233.26,674.79,71.61
2025-10-14,17300.81,257,8555,0.0304,3270.59,717.26,67.14
2025-10-15,17092.62,246,8007,0.03,3225.61,750.22,69.29
2025-10-16,14170.91,215,7901,0.0266,3397.51,434.59,65.27
2025-10-17,13799.79,200,7934,0.0248,3148.64,483.95,69.6
2025-10-18,17270.06,251,9503,0.0267,3872.17,605.43,68.27
2025-10-19,15952.23,245,9439,0.0257,3743.9,550.51,66.02
2025-10-20,17078.96,252,8249,0.0303,3521.61,542.32,67.57
2025-10-21,17350.48,256,8259,0.0308,3485.79,478.39,67.74
2025-10-22,18079.41,269,8947,0.0297,3492.94,641.16,67.49
2025-10-23,18190.36,247,7930,0.0309,3241.92,566.78,73.62
2025-10-24,16085.33,238,7891,0.0299,3470.63,569.9,68.02
2025-10-25,16774.61,251,8988,0.0277,3724.59,520.51,67.6
2025-10-26,14958.64,242,9564,0.0252,3567.9,441.31,62.05
2025-10-27,15800.71,243,8557,0.029,3625.93,571.54,65.67
2025-10-28,16296.42,240,8062,0.0298,3104.93,582.67,67.57
2025-10-29,15720.84,240,7775,0.031,3503.73,595.76,66.31
2025-10-30,15981.55,219,7784,0.0286,3429.29,734.02,72.53
2025-10-31,17480.15,260,8377,0.0304,3490.01,636.04,67.9
2025-11-01,9995.69,138,9635,0.0144,3903.8,690.17,72.27
2025-11-02,17472.99,256,9559,0.0264,3803.74,517.41,68.6
2025-11-03,16981.04,245,7860,0.0311,3386.63,485.07,68.53
2025-11-04,14568.48,213,8222,0.0254,3303.5,625.19,68.16
2025-11-05,14978.42,219,8179,0.0268,3409.65,455.08,68.45
2025-11-06,16119.14,218,8222,0.0264,3552.25,480.03,73.61
2025-11-07,12391.05,207,8487,0.0247,3357.94,431.26,61.5
2025-11-08,14971.59,240,9452,0.0252,3684.82,517.25,62.47
2025-11-09,18414.41,271,9637,0.0281,3634.13,561.41,66.85
2025-11-10,15902.6,232,8174,0.0288,3148.02,532.34,68.53
2025-11-11,17379.39,246,8266,0.0298,3027.3,715.11,70.57
2025-11-12,18627.03,265,8406,0.0316,3587.9,576.88,69.93
2025-11-13,16851.69,248,7573,0.0321,3512.38,472.38,67.37
2025-11-14,16715.74,238,8031,0.0293,3595.96,663.83,71.59
2025-11-15,19059.7,270,9198,0.0293,3394.14,714.0,71.63
2025-11-16,16989.15,245,9134,0.0268,3841.94,541.91,69.1
2025-11-17,15864.3,224,8058,0.0277,3604.7,429.75,71.45
2025-11-18,17319.98,247,8769,0.0282,3477.78,541.72,69.39
2025-11-19,13579.87,204,7828,0.0264,3259.97,471.58,66.9
2025-11-20,16399.96,236,8564,0.0276,3095.93,669.58,70.68
2025-11-21,14498.35,213,7507,0.0287,3180.75,432.3,68.93
2025-11-22,17283.98,258,9276,0.0282,3534.06,597.64,68.61
2025-11-23,20875.72,286,9479,0.03,3857.58,801.12,73.04
2025-11-24,13792.17,226,8423,0.0266,3135.98,318.51,61.28
2025-11-25,16065.8,251,8476,0.0302,3575.34,645.35,64.39
2025-11-26,15274.13,232,8512,0.0273,3684.22,444.29,65.09
2025-11-27,16907.33,248,8059,0.0303,3163.84,619.82,67.57
2025-11-28,16051.11,237,8016,0.0291,3078.24,581.59,67.91
2025-11-29,14266.91,227,9778,0.0229,3491.02,576.71,64.16
2025-11-30,17611.76,267,9362,0.0285,3723.25,664.93,65.73
2025-12-01,14266.83,215,7700,0.0282,3078.59,329.76,66.12
2025-12-02,16525.67,217,7760,0.0283,2905.69,513.55,76.08
2025-12-03,16082.67,215,7848,0.0273,3337.48,574.01,74.13
2025-12-04,15862.55,238,15994,0.0281,3356.26,539.72,67.49
2025-12-05,17507.81,254,8279,0.0303,3182.49,654.58,67.65
2025-12-06,16740.99,259,9735,0.0262,3796.32,652.01,65.3
2025-12-07,16051.52,253,9291,0.0273,3966.22,610.64,63.04
2025-12-08,16586.75,246,8294,0.0301,3523.63,562.77,68.42
2025-12-09,17681.27,271,8484,0.032,3443.48,455.62,65.79
2025-12-10,16238.66,234,8113,0.0287,3463.46,531.37,68.54
2025-12-11,14177.89,222,8423,0.0264,3215.77,525.74,64.0
2025-12-12,16747.39,250,7978,0.0315,3298.85,494.85,66.52
2025-12-13,16863.71,243,9338,0.0259,3797.65,643.46,69.27
2025-12-14,18695.04,268,9334,0.0288,3672.81,739.24,69.93
2025-12-15,16509.62,233,7774,0.0302,3307.87,588.31,70.09
2025-12-16,16001.18,247,8450,0.0291,3301.34,314.92,64.89
2025-12-17,16995.26,242,8070,0.0301,3426.55,486.23,71.42
2025-12-18,18225.51,276,8266,0.0333,3503.47,809.78,66.47
2025-12-19,20223.57,285,8456,0.0336,2876.27,652.56,70.78
2025-12-20,17657.0,256,9686,0.0267,4128.04,442.82,68.86
2025-12-21,16718.55,262,9777,0.0269,3312.3,688.41,64.77
2025-12-22,17840.23,264,8234,0.0316,3258.55,625.6,67.96
2025-12-23,15396.04,221,8107,0.0277,3542.41,623.92,70.02
2025-12-24,17043.57,242,8247,0.0301,3323.03,620.13,70.77
2025-12-25,14707.63,218,7607,0.0293,2869.24,548.49,68.52
2025-12-26,16930.48,231,7706,0.03,2978.41,623.3,73.55
2025-12-27,16054.02,225,9002,0.0249,3856.12,617.88,71.98
2025-12-28,14684.24,214,9136,0.0234,3313.21,681.16,68.2
2025-12-29,15588.18,217,8454,0.0253,3684.67,621.27,71.23
2025-12-30,15499.76,208,7935,0.0272,3266.16,420.02,74.79
2025-12-31,17409.94,233,8149,0.0285,3113.58,648.23,74.88
2026-01-01,16933.76,259,8823,0.0288,3471.32,689.33,65.33
2026-01-02,17646.67,268,8163,0.0333,3153.78,723.75,66.24
2026-01-03,20599.83,283,9850,0.0288,4120.87,677.05,73.48
2026-01-04,14638.94,224,9185,0.0247,3861.36,597.63,65.87
2026-01-05,15855.64,245,8233,0.0301,3037.66,628.5,65.08
2026-01-06,9208.21,136,7938,0.0172,3197.58,722.68,67.6
2026-01-07,9947.25,141,8185,0.0173,3192.25,528.85,70.33
2026-01-08,10648.4,155,8660,0.0179,3789.75,591.46,68.77
2026-01-09,9412.82,140,7636,0.0184,2902.61,515.49,67.14
2026-01-10,17345.57,259,9753,0.0259,4234.49,564.58,67.08
2026-01-11,18594.52,278,9678,0.0287,3880.66,568.06,66.97
2026-01-12,15000.03,225,8098,0.0271,3102.03,317.8,66.48
2026-01-13,17318.78,228,7761,0.0294,3080.75,568.51,75.97
2026-01-14,20090.39,290,8371,0.0346,3269.47,740.27,70.03
2026-01-15,17320.95,244,8133,0.0298,3091.7,563.52,71.81
2026-01-16,19086.99,282,8441,0.0323,3473.34,852.75,67.69
2026-01-17,17993.67,260,9612,0.0268,3618.75,630.98,68.61
2026-01-18,18598.0,282,10248,0.0278,3650.66,770.98,67.04
2026-01-19,15045.2,245,8261,0.0293,3315.5,546.25,61.23
2026-01-20,15140.53,230,7951,0.0291,2922.14,592.48,65.07
2026-01-21,14860.43,233,8435,0.0278,3301.72,540.86,63.78
2026-01-22,16234.25,259,8454,0.0303,3277.08,679.3,62.47
2026-01-23,16105.11,247,8913,0.0277,3445.19,568.18,65.64
2026-01-24,20415.02,279,9962,0.0279,4386.84,765.17,73.21
2026-01-25,19195.62,281,9774,0.0288,3932.18,707.01,69.12
2026-01-26,19474.5,271,8963,0.0301,3686.24,653.54,73.13
2026-01-27,16298.62,229,7905,0.0288,2911.64,603.45,70.5
2026-01-28,17081.21,241,8128,0.0303,3214.04,788.67,71.63
2026-01-29,15428.68,233,8016,0.0288,3348.79,519.14,66.59
2026-01-30,17831.93,255,8234,0.0313,3177.02,661.52,70.87
2026-01-31,14404.52,204,9101,0.0229,3867.06,594.75,71.5
2026-02-01,17328.69,257,9909,0.0259,3727.77,705.3,67.59
2026-02-02,14907.57,211,8310,0.0254,3351.27,522.64,71.01
2026-02-03,14568.29,204,7814,0.0264,3117.58,336.28,71.04
2026-02-04,17634.71,259,7999,0.0321,3332.43,662.77,67.7
2026-02-05,17346.76,262,8533,0.0312,3358.59,414.63,65.99
2026-02-06,16051.42,243,8746,0.028,3507.01,679.77,65.82
2026-02-07,17326.07,245,10475,0.0236,4118.95,621.09,69.64
2026-02-08,15605.69,224,10845,0.0207,4148.91,624.2,70.37
2026-02-09,16340.23,244,8586,0.0283,3602.04,1594.24,67.02
2026-02-10,19059.57,272,8027,0.0342,3357.19,519.13,69.49
2026-02-11,16650.34,231,7573,0.0303,3132.89,604.47,71.13
2026-02-12,17008.86,242,8536,0.0283,3401.54,592.45,71.28
2026-02-13,17751.32,240,8107,0.0303,3496.7,577.67,74.1
2026-02-14,16176.53,218,9534,0.0235,3789.77,573.03,73.28
2026-02-15,16420.7,246,9459,0.026,3749.26,801.94,66.46
2026-02-16,18474.29,248,8385,0.0296,3455.58,723.69,74.52
2026-02-17,17546.82,259,8870,0.0292,3943.95,706.22,67.89
2026-02-18,19083.66,264,8510,0.031,3210.37,748.46,72.62
2026-02-19,17679.86,253,8387,0.0301,3589.26,749.58,69.7
2026-02-20,17025.54,250,8039,0.0307,2934.92,579.71,68.27
2026-02-21,14418.71,225,9055,0.0252,3712.54,356.52,64.1
2026-02-22,18451.91,267,9533,0.0284,4151.68,628.42,69.02
2026-02-23,17564.61,272,8440,0.0327,3551.9,686.05,64.86
2026-02-24,18390.72,253,9172,0.0275,3744.39,554.5,72.45
2026-02-25,18156.89,239,8520,0.0276,3369.95,619.48,74.11
2026-02-26,18744.61,283,8864,0.0321,3608.64,591.23,67.18
2026-02-27,16443.08,233,8274,0.029,3345.59,699.0,70.49
2026-02-28,17928.02,268,9275,0.0294,3588.91,694.66,67.41
2026-03-01,16226.08,238,9366,0.0257,3720.11,620.77,67.71
2026-03-02,18928.4,263,8193,0.0323,3407.19,721.32,71.93
2026-03-03,19280.08,276,9337,0.0297,3614.64,671.21,69.5
2026-03-04,18457.98,244,8160,0.0299,3194.9,664.26,74.85
2026-03-05,19546.81,286,8827,0.0325,3317.54,568.31,68.19
2026-03-06,17343.61,236,8134,0.0287,3424.99,417.42,72.65
2026-03-07,17048.4,249,10145,0.0247,4159.93,609.49,69.95
2026-03-08,18443.56,253,9930,0.0257,4021.88,675.4,72.06
2026-03-09,17636.26,257,8441,0.0303,3647.5,723.9,68.34
2026-03-10,15351.64,218,8491,0.0263,3489.32,657.92,69.54
2026-03-11,17445.2,254,8248,0.0307,3465.23,747.53,69.35
2026-03-12,16438.64,246,8691,0.0283,3602.77,493.32,67.2
2026-03-13,18931.49,264,8334,0.0317,3398.59,629.26,71.71
2026-03-14,16724.84,233,10703,0.0218,6572.07,556.89,71.68
2026-03-15,19100.04,267,10682,0.025,7549.24,788.09,71.52
2026-03-16,19107.59,257,9883,0.026,6151.54,731.63,74.36
2026-03-17,21624.69,292,10534,0.0277,6430.86,751.86,74.11
2026-03-18,20288.76,296,9884,0.0299,6471.09,579.28,68.65
2026-03-19,17490.09,247,8487,0.029,3520.66,534.92,70.9
2026-03-20,16727.56,247,8651,0.0289,3247.01,651.45,67.92
2026-03-21,18615.34,270,10343,0.0263,4344.73,549.09,69.87
2026-03-22,18362.72,269,9912,0.027,3950.43,620.8,68.01
2026-03-23,16902.48,231,8382,0.0274,3211.38,581.89,74.68
2026-03-24,19614.41,275,8992,0.0308,3884.79,842.72,70.92
2026-03-25,18525.2,271,8724,0.0307,3678.36,615.53,69.19
2026-03-26,20576.81,280,9169,0.0302,3456.35,469.23,73.43
2026-03-27,16938.91,268,8631,0.0305,3876.39,635.59,63.35
2026-03-28,16514.49,256,9355,0.0272,3906.14,520.29,63.83
2026-03-29,20884.79,289,9301,0.0307,3753.43,735.42,72.27
2026-03-30,18397.18,264,9227,0.0292,4047.62,635.93,70.07
2026-03-31,18688.14,266,9259,0.0288,3772.67,628.51,70.65
2026-04-01,15653.18,235,8501,0.0279,3469.8,609.72,65.93
2026-04-02,16187.7,231,8423,0.0273,3315.89,442.5,69.85
2026-04-03,18539.02,245,9164,0.0269,3823.62,600.94,75.94
2026-04-04,16872.11,233,9426,0.0248,3894.59,648.23,72.41
2026-04-05,17900.87,257,9515,0.0265,3833.14,571.57,70.46
2026-04-06,18280.03,265,8845,0.0301,3437.87,492.76,68.64
2026-04-07,16935.27,250,8433,0.0295,3477.59,649.35,68.79
2026-04-08,15295.56,239,8592,0.0279,3493.22,621.24,63.59
2026-04-09,18871.73,266,8532,0.0312,3219.37,656.26,70.76
2026-04-10,19924.42,270,8735,0.0309,3262.9,502.01,72.54
2026-04-11,17862.77,276,10456,0.0263,4272.79,688.25,65.28
2026-04-12,17316.45,255,9933,0.0253,3456.22,462.36,68.04
2026-04-13,18596.04,275,8867,0.0305,3644.38,679.57,66.56
2026-04-14,15819.29,233,7792,0.0298,3131.56,483.48,67.14
2026-04-15,16014.62,230,8596,0.0265,3770.08,467.64,70.21
2026-04-16,9289.46,146,4969,0.0293,3299.55,500.89,63.81
2026-04-17,10492.1,146,4880,0.0299,3478.61,595.91,71.91
2026-04-18,10297.03,142,5740,0.0248,3768.84,553.25,72.34
2026-04-19,18384.44,267,9787,0.027,3948.34,697.57,69.34
2026-04-20,14958.8,239,8996,0.0265,3796.09,490.19,62.66
2026-04-21,17381.08,263,8102,0.0321,3243.34,693.52,67.12
2026-04-22,20491.38,277,8648,0.0319,3726.2,746.01,73.82
2026-04-23,15369.96,248,8445,0.0289,3257.13,484.34,61.8
2026-04-24,17743.01,257,8511,0.0301,3537.74,544.18,69.1
2026-04-25,14691.83,224,10343,0.0218,4304.53,393.19,66.61
2026-04-26,18130.4,248,10160,0.0243,4188.16,660.92,72.57
2026-04-27,17491.41,256,9186,0.0288,4098.37,581.19,68.14
2026-04-28,16692.12,235,8592,0.0273,3354.58,386.24,71.39
2026-04-29,17739.55,247,8379,0.0308,3156.69,573.37,71.89
2026-04-30,21051.8,281,8570,0.0334,3300.79,641.97,75.71
2026-05-01,16431.1,238,8760,0.027,3698.09,704.54,69.6
2026-05-02,17870.08,252,10037,0.0249,4112.37,473.31,71.35
2026-05-03,16933.81,255,9536,0.0271,3857.91,470.65,65.77
2026-05-04,20714.75,282,8708,0.0326,3323.28,839.98,73.81
2026-05-05,16436.28,240,8766,0.027,3721.58,686.77,67.97
2026-05-06,19677.21,288,9685,0.0299,3644.81,615.41,68.58
2026-05-07,22388.36,318,9432,0.033,4032.9,712.84,70.2
2026-05-08,14258.65,218,8343,0.0261,3991.43,542.99,65.59
2026-05-09,17065.93,239,9875,0.024,4029.57,398.74,70.98
2026-05-10,18010.73,247,9408,0.0258,3909.46,462.77,73.2
2026-05-11,16864.78,240,8457,0.0284,3361.28,566.59,71.19
2026-05-12,17538.3,271,8822,0.031,3225.74,749.75,65.55
2026-05-13,19091.65,274,9181,0.0299,3592.93,626.61,69.96
2026-05-14,15581.38,217,8410,0.0259,3225.05,553.21,72.57
2026-05-15,16424.57,253,8443,0.0304,3165.77,667.97,64.72
2026-05-16,15518.24,232,9155,0.0254,4048.82,706.61,67.14
2026-05-17,21371.34,288,9953,0.0291,4037.98,686.36,73.0
2026-05-18,16544.98,236,8289,0.0281,3477.1,577.68,71.19
2026-05-19,17172.65,239,8505,0.0281,3415.02,757.49,71.63
2026-05-20,30878.27,254,8369,0.0305,3394.67,524.49,121.57
2026-05-21,19192.81,268,8685,0.0309,3732.76,770.36,71.82
2026-05-22,17665.94,244,8023,0.0303,3301.55,528.36,72.39
2026-05-23,17044.74,221,9452,0.0232,3914.17,605.3,78.56
2026-05-24,20869.71,298,10893,0.0277,4273.52,705.12,69.8
2026-05-25,15362.64,222,8220,0.0273,3308.58,464.1,68.06
2026-05-26,17955.24,251,8299,0.0299,3123.37,540.17,71.74
2026-05-27,18012.17,250,9476,0.0266,3420.97,655.32,71.79
2026-05-28,20536.33,296,9906,0.0303,3914.8,821.0,68.9
2026-05-29,15567.47,231,8278,0.0278,3408.73,534.76,67.39
2026-05-30,18472.66,240,9915,0.024,3713.09,653.02,77.43
2026-05-31,19773.35,281,10203,0.028,4064.01,748.54,71.49
2026-06-01,19432.29,283,9447,0.0299,3817.37,585.73,68.32
2026-06-02,17411.78,238,8364,0.0282,2996.29,673.81,73.28
2026-06-03,19576.93,281,8664,0.0323,3349.34,765.39,70.21
2026-06-04,18215.67,261,9076,0.0285,3758.03,874.68,69.79
2026-06-05,18642.68,259,8942,0.0295,3707.08,617.44,72.25
2026-06-06,17970.87,271,9936,0.0271,3746.93,587.82,66.69
2026-06-07,18260.19,254,10037,0.0254,4044.49,709.31,71.64
2026-06-08,18742.45,248,8227,0.0303,3583.95,732.75,76.33
2026-06-09,18061.47,249,8685,0.0283,3695.07,583.83,72.0
2026-06-10,17326.21,252,8676,0.0286,3517.7,571.49,69.48
2026-06-11,19982.0,291,8879,0.0321,3514.01,753.43,69.1
2026-06-12,16804.1,238,8567,0.0273,3372.54,518.61,69.4
2026-06-13,15817.24,224,10299,0.0218,4198.36,521.14,69.88
2026-06-14,21895.99,315,10519,0.0298,4220.79,776.17,69.52
2026-06-15,22466.27,308,8860,0.0345,3726.94,898.19,73.41
2026-06-16,16681.16,256,8942,0.0286,3655.97,533.41,65.47
2026-06-17,16544.84,226,8825,0.0255,3752.59,426.66,73.27
2026-06-18,17805.74,256,8807,0.0288,3601.38,452.57,69.55
2026-06-19,17618.87,245,8521,0.0288,3639.42,505.71,71.83
2026-06-20,17963.57,267,10262,0.0262,4265.71,510.78,67.33
2026-06-21,18264.33,245,10099,0.0244,3873.91,625.13,74.71
2026-06-22,42907.64,576,14484,0.0398,3518.06,636.3,74.47
2026-06-23,21109.49,288,9451,0.0304,4116.67,664.66,73.62
2026-06-24,15905.79,238,8979,0.0264,3694.1,495.14,66.21
2026-06-25,19168.54,264,8523,0.0308,3140.07,628.68,73.25
2026-06-26,20116.64,280,8386,0.0335,3292.35,837.1,71.98
2026-06-27,18929.63,289,10636,0.0269,4376.82,725.19,65.96
2026-06-28,18921.43,267,10268,0.0259,4037.74,663.78,70.72
2026-06-29,18581.77,259,9032,0.0291,3558.81,607.53,71.89
2026-06-30,18617.85,254,8145,0.0306,3630.98,611.3,72.48
2026-07-01,17027.3,238,9217,0.0259,3516.48,623.86,71.35
2026-07-02,18697.76,264,9031,0.0297,3501.14,709.03,71.7
2026-07-03,17974.31,237,8408,0.0286,3485.02,547.53,75.26
2026-07-04,22222.18,300,9995,0.0303,4076.22,781.83,74.53
2026-07-05,16744.72,270,10292,0.0263,4201.53,415.97,62.26
2026-07-06,20318.81,290,8882,0.0327,3790.94,732.67,69.92
2026-07-07,16596.89,237,8747,0.0272,3601.21,644.14,70.39
2026-07-08,17966.46,272,8826,0.0306,3686.84,603.67,65.63
2026-07-09,18707.06,264,8769,0.03,3517.38,824.66,71.18
2026-07-10,18427.91,248,8934,0.0277,3639.45,563.78,74.66
2026-07-11,19674.14,292,10796,0.027,4300.11,709.98,67.66
2026-07-12,19225.06,268,9184,0.029,3757.48,669.43,71.94
2026-07-13,16962.82,246,8787,0.0288,3730.05,585.19,68.19
2026-07-14,16079.93,232,8956,0.026,3745.49,553.61,68.93
2026-07-15,19702.48,258,9006,0.0294,3661.08,700.14,75.39
2026-07-16,17076.02,241,8742,0.0276,3397.96,670.06,69.34
2026-07-17,16866.19,235,8191,0.0287,3380.49,706.5,72.37
2026-07-18,18126.01,277,10363,0.0264,4121.36,634.21,65.38
2026-07-19,19500.38,257,10926,0.0232,4362.72,762.01,76.59
2026-07-20,15723.63,218,8289,0.0262,3842.61,495.16,72.82
2026-07-21,19596.47,279,9252,0.0304,3633.28,760.93,70.47
2026-07-22,18055.34,250,8778,0.0284,3656.61,563.15,72.76
2026-07-23,14147.67,214,8887,0.0243,3824.31,572.32,66.81
2026-07-24,19601.06,263,8494,0.031,3492.44,902.69,74.6
2026-07-25,19282.01,278,10122,0.0271,4510.24,1392.51,70.09
2026-07-26,19126.15,270,10779,0.0252,4197.1,965.45,70.46
2026-07-27,17090.84,248,9157,0.0268,3769.79,1157.81,69.61
2026-07-28,21290.95,301,9620,0.0311,3707.21,1840.27,69.35
2026-07-29,20430.58,280,9401,0.0301,3720.03,771.57,73.18
2026-07-30,22589.04,314,9109,0.0342,3737.81,818.73,71.88
2026-07-31,21247.34,293,9634,0.0302,4041.01,850.81,73.08
2026-08-01,20629.08,287,10455,0.0274,4223.23,771.99,71.1
2026-08-02,20264.92,277,10614,0.0263,4466.9,832.66,72.68
2026-08-03,19009.15,271,8826,0.031,3570.24,752.71,69.89
2026-08-04,21086.67,273,8975,0.0307,3574.68,898.47,77.85
2026-08-05,18528.85,278,8672,0.0319,4076.01,681.75,66.47
2026-08-06,19492.26,262,9350,0.0284,3851.29,770.46,74.96
2026-08-07,18546.0,243,8486,0.0285,3326.09,620.63,75.29
2026-08-08,18553.0,269,10617,0.0256,4077.08,593.56,68.64
2026-08-09,22427.01,288,10231,0.0282,3892.38,976.33,77.9
2026-08-10,22339.95,306,9434,0.0324,3989.39,806.05,74.21
2026-08-11,19971.15,271,9269,0.0285,3671.4,779.36,74.14
2026-08-12,19561.43,273,9700,0.0286,3920.56,696.75,71.32
2026-08-13,20139.81,283,9267,0.03,3730.86,645.83,70.6
2026-08-14,17245.97,242,8349,0.0289,3568.51,604.56,70.63
2026-08-15,21121.68,295,10301,0.0285,3936.13,890.91,72.44
2026-08-16,16522.37,218,9863,0.0221,3736.86,624.15,75.48
2026-08-17,17747.38,245,8780,0.0277,3617.75,469.29,71.83
2026-08-18,18031.08,267,9594,0.0278,3978.26,611.68,68.57
2026-08-19,17215.14,233,9248,0.0248,3803.31,755.94,73.78
2026-08-20,17679.95,238,8716,0.0275,3388.86,599.9,74.08
2026-08-21,17568.69,240,8594,0.0276,3643.23,456.74,73.29
2026-08-22,19559.71,270,10365,0.0262,3979.12,869.73,73.58
2026-08-23,20005.3,284,9869,0.0288,3849.89,768.44,70.54
2026-08-24,17055.99,249,8740,0.0289,3370.05,590.99,68.57
2026-08-25,17246.37,251,9136,0.0273,3957.76,571.6,68.77
2026-08-26,18651.33,282,9476,0.0293,3943.33,753.73,66.47
2026-08-27,20947.95,291,9261,0.0315,3862.18,676.41,72.1
2026-08-28,11057.82,155,8103,0.0192,3585.66,642.8,71.15
2026-08-29,12773.57,182,10498,0.0174,4736.9,681.24,70.09
2026-08-30,12624.5,202,10409,0.0194,3801.2,650.49,62.55
2026-08-31,17636.79,261,9195,0.029,3570.42,630.12,67.69
2026-09-01,22031.39,294,9678,0.0307,3764.23,751.82,74.8
2026-09-02,16507.85,242,8210,0.0294,3203.23,664.08,69.46
2026-09-03,20025.94,275,8802,0.0308,3365.03,614.26,72.54
2026-09-04,17630.4,262,9277,0.0273,3687.15,474.09,67.3
2026-09-05,19548.61,258,9768,0.0266,3675.47,744.26,75.8
2026-09-06,20901.9,292,10994,0.0262,4415.06,797.54,71.06
2026-09-07,17710.39,249,9197,0.027,3729.41,662.39,72.37
2026-09-08,19034.81,246,9392,0.0263,3883.28,705.02,78.49
2026-09-09,20803.2,273,8828,0.0308,3691.21,694.77,76.07
2026-09-10,19028.63,270,9385,0.0287,3905.18,740.93,70.61
2026-09-11,18157.47,260,9489,0.0274,3746.6,631.38,69.76
2026-09-12,19446.19,277,10518,0.0264,4605.49,633.25,70.57
2026-09-13,21984.74,299,10522,0.0289,4229.57,735.18,73.09
2026-09-14,16055.64,223,9179,0.0248,3340.2,724.16,71.25
2026-09-15,16436.1,232,8729,0.0264,3354.56,432.68,70.39
2026-09-16,18780.46,248,9018,0.0276,3308.2,704.25,75.99
2026-09-17,20329.02,290,9019,0.0323,3660.11,540.84,71.26
2026-09-18,21846.19,277,9236,0.03,3708.36,752.79,78.51
2026-09-19,22298.22,308,10849,0.0281,4203.41,732.09,71.89
2026-09-20,18915.25,244,10029,0.0243,4412.31,464.84,76.99
2026-09-21,17582.2,244,9042,0.0272,3774.5,649.58,72.71
